Gene ID,AA Sequence
Ga0508132_00001_239768_241729,">Ga0508132_00001_239768_241729
MILPCVVVNASQFISGTYNSRNYKLFIPTGYQQGTALPLVVMLHGCTQDP
DQFATGTQMNALAETEKFFVLYPEEPSSANANKCFNWFDTAHQSRGSGEP
ALIAGMVNTVKNSYTVDNNRVYVHGLSAGAAMSVIMGVTYPDVFAAVGVA
SGLEYKAATSMTGGFTAMSSGGPNPDTQGTTAASAMGSYKRTVPVIVFHG
SSDYTVATINGNQVVQQWAQTDDIVSDGSDNNNIDNTADVTETGQVSGGR
SYTKYTYKDSAGTEWLVKYIVDSMGHAWSGGSSSGSYTDPTGPNCTQISW
NFFKAHPKVATGDTTPPITTASPDAGTYSGSVTVTLSVNEQATTYYTLDG
TTPTQSSTQYSGPISITSTTTLKFFSKDTAGNMETVQTKTYTISSGGDTT
PPVTTASPDAGTYSGSVTVTLSVNEQATTYYTLDGTTPTQSSAQYSSPIA
ITSTKTLKFFSKDTAGNVEAVQTKVYTITSSGNTVTFNSIAAEDGYTGAL
VADGTSSTVHKTGDKGMYNTDTYRAILSFDTSSLPDAASITSAKLRVYRK
SLTGSVSSVLVDIKSGTFGTASVEQSDYSAAASASGICTIAVPGSNNAYA
EVELPAVAYTYINKTGKTQFRLRATTAADFTSDVFEIYGGDNATYAPQLI
VTY"
Ga0508132_00001_242129_244408,">Ga0508132_00001_242129_244408
MVKSLYGKLSKVMLVFALMLAVILPCALVDASQFISGTYNSRNYKLYIPT
GYQQGTAVPLVVMLHGCTQDPDQFATGTQMNALAETEKFLVLYPEEPSSA
NQNKCFNWFDPNHQSRGAGEPALIVGMVNTVKNSYTVDSNRIYVHGLSAG
AGMSVIMGVTYPDVFAAIGVASGLEYKAATSMTDAFTVMSSGGPNPDTQG
TTAANAMGSYKRTVPVIVFHGSSDYTVATVNGNQVVQQWAQTDDIVSDGS
DNNNIDNTADATENGTVSGGYSYTKYTYKDTQGTEWLVKYIVNSMGHAWS
GGSTSGSYTDPKGPNCTQISWDFFKAHPKVNTSDTTAPVTTASPDTGTYS
GSVTVTLSVNEPATTYYTLDGTTPTTSSTQYSSPISITSTKTLKFFSKDT
AGNVESVQSKTYTITSGGDTTPPVTTASPDAGTYSGSVTVTLSVNEQATT
YYTLDGTTPTTSSTQYSAPISITSTKTLKFFSKDTAGNVEAVQTKTYTIG
SSDTTPPVTTASPDAGAYSGSVTVTLSVNEQATTYYTLDGTTPTTSSTQY
TAPIAITSTKTLKFFSKDTAGNSEAVQTKVYTITSSGSTATLKSIAAEDG
YAGALTADGTSTTVTKAGDKGMYNTDTYRAILSFDTSSLSGATTISDAKL
RIYRKTLTGTVGTIYLDIKSGTFGTASIEQSDYSAAASASGICTIAVPAS
NGAYTEVTIPSSALQYINKTGKTQFRLRATTTASLSSNTLEIYGGEDATY
APQLTVTYQ"
Ga0508132_00007_231900_232745,">Ga0508132_00007_231900_232745
MGFTYSAFAGKVDSVTDAKVYVPTTYRPGMPMVVMLCGASEGPFQAMKRT
QWNELAEKEGFIVLYPQRMGGLISFAFWTDFTRDDENPRKIVQATNAASE
KYAVDKSRIYIAGLSAGGAMATNTVIAYPDVYAAAAIASAPAYHVCAGAD
VLSHGLTRIINADPVDPLKHVAFARKQMGENYRKIPLIVGHGDADGYVLT
THGIALINQWCSLMDVDSTDYKLERNEKYNRYIYGDGDIVLLLIKGMGHT
WSGNGEPSYKDGPDETQLFWEFLSRYSKQKL"
Ga0508132_00022_14384_15604,">Ga0508132_00022_14384_15604
MLYQAYQFYTNATAPARSFARFGLNAIAPFAAQLNGNGGTIRHYAAACEL
ISRSTLTHTRPPYGIKSVRVDNRDVAVTEEPLAKTPFGTLLRFRKDIDVA
QPRVLVVAPLSGHFATLLRNTVETLLQDHDVCITDWHNARDIPLSAGRFG
FEDYIDHLIQWLRVIGPGGHVVAVCQPCVQVLAAVAIMAQSGDPAKPRSM
TLMAGPIDTRINPTKVNELATEKPISWFESKLISRVPLPHPGAGRRVYPG
FVQLTAFMSMNMERHRKAHLDLFKHLAEGEIEKAQSIKTFYDEYFAVLDL
TAEFYLETVAWVFQEARLAKGELTWRGEKVDPRAIRRTMLLTVEGERDDI
CAIGQTAAAHDLCTGLRPHMKRHHLQAGVGHYGVFSGRRWESQVYPQVRN
TILAMD"
Ga0508132_00027_68379_68543,">Ga0508132_00027_68379_68543
MSLGTIILIILIIALLGGFSGIGGGRFYGTGYYGGGGLGLVIVVLLVLLL
LGKL"
Ga0508132_00105_5265_6572,">Ga0508132_00105_5265_6572
MMRNPLNPLSYTEMGRNAAAAAELVERTTRRYKKPAFNLRSCTVGGQSVA
IAEEVVWKKPFCNLIHFRKAMPGGARHDTPRVLMVAPLSGHYATLLRGTV
EAMLPHADVYITDWTDARLVPLREGGFDLDDYVDYIIEMIELFHGDVHVM
GVCQPGVPVMAAVALMEARNHPFVPKSVILKGSPIDTRVSPTAVNRLAEE
RGTNWFRRTVVTSVPWPNEGAGRLVYPGFLQLTGFMAMNLDRHVKAHKDL
FFDLVKGDGDSVEKHKEFYDEYLAVMDLAAEYYIQTIDQVFVKHTLPKGE
MRHRGHLVDLSAIRRVALMTIEGEKDDITGRGQTEAAVHLCTGLPETKKQ
HYTQPGVGHYGIFNGSRYRTEVVPRIFSFIADHDEGGDSTDARGGSLIGH
WHPFAGEGEEIGATAGERAEDCKKISSTLFEAASA"
Ga0508132_00290_13661_14851,">Ga0508132_00290_13661_14851
VSLKKNIEFLSHLPKLNEIGRLTDIWGDPGGVDSRLVETAEFGPNPGGLR
MFSFVPAGLTQKIPLVVVLHGCTQNAAAYEIGAGWCTLAQRYGFALLLPE
QTRANNPNVCFNWFAPDDIRRGSGEVASIRQMVEHAARSHKVDRARIFVT
GLSAGGAMAAAMLATYPDVFAGGAVIAGLPYGVAVSVRQALKEMRHASPR
SARELGDLVRNASTAHKGPWPKLSVWHGSADRTVEPGNADALVRQWLDLH
GLPATPMAQAKVDGYPRQTWSNSSGETVVESYTITNMPHGTPLGAGAGDE
RYGAAGAFLLEVGISSSYHIAQFFGLTGRIHQPKTTGKLVTTPARTADAD
RQETADASASNGNAGRSSGPTHPPGRRGIDVGAVITRALTAAGLMK"
Ga0508132_00294_17145_18473,">Ga0508132_00294_17145_18473
MPVVIGEFGRPPEMPAEVSPALTTPMYWFYEMAHASLNPARAMSDATKLA
FKNPLNPWSHTEFGKSIAAACEVFERTTRRYGKPEWGLDDTEVNGMRVPI
EIHNVWEKPFCRLLYFERKLERPLRHPQPRLLIVAPMSGHYATLLRGTVE
AFLPTHEVYITDWADARMVPAAAGRFDLDDYVDYVIEMLQTLGGNVHVMA
VCQPSVPVLTAVSVMEANEDPFVPLSMTLMGGPIDTRRNPTAVNNLAAEK
GIDWFRNHVITKVPFPHPGFMRDVYPGFLQLNGFISMNLDRHMDAHRNLF
NHLVQGDGDLADKHREFYDEYLAVMDLTAEFYLQTVDLVFVKHALPKGEM
THRGKLVEPSKVKRVALMTVEGENDDISGLGQTEATHGLCSSIPDNRRVH
YVQKGVGHYGVFNGSRFRSEIVPRICDFHASSASDTPARAAE"
Ga0508132_00294_7654_8838,">Ga0508132_00294_7654_8838
VSLKDHIDFLGQLRKMHSLNGLAWGEADHDSRLAETTAFGANPGDLRMFS
FVPEGITQKLPLVVVLHGCTQNAAGYEIGAGWCTLAQRYGFALLLPEQTR
ANNPNTCFNWFAPDDIRRDSGEVGSIRQMVEHMARSHHIDRARIFVTGLS
AGGAMAAAMLATYPDVFAGGAVIAGLPYGVALNVRQALKEMRHASARTGH
QLGDLVRGATAHKGPWPKLAVWHGDADRTVDPANADALVRQWLDLHGLPE
APMSQNKIDGYPHRVWWNSSGETVVESYTITGMAHGTPLGAGAGDERYGV
AGAYLLDVGISSSYHIAQFFGLTGRVYQTRSSEKTSVARAATDGHRSGAT
DTPHRKSQQRSNKAGASDEAPDSKRGLDVGAVITRALTAAGLMK"
Ga0508132_00453_3796_5124,">Ga0508132_00453_3796_5124
MPVVIGEFGRPPEMPAEVSPAMTTPMYWFYEMAHASLNPARAISDATKLA
FKNPLNPWSHTDFGKSIAAACEVFERTTRRYGKPEWGLDTTEVNGMRVPI
EIHNVWEKPFCRLLYFERKLERPLRHPQPRLLIVAPMSGHYATLLRGTVE
AFLPTHEVYITDWTDARMVPVAAGRFDLDDYVDYVIEMLQTLGGNVHVMA
VCQPSVPVLTAVSVMEANNDPFVPLSMTLMGGPIDTRSNPTSVNNLAAEK
GIDWFRNHVITKVPFPHPGVMRDVYPGFLQLNGFISMNLDRHMDAHKNLF
NHLVQGDGDLADKHRDFYDEYLAVMDLTAEFYLQTVDVVFVKHALPKGEM
THRGKLVEPSKVKRVALMTVEGENDDISGLGQTEATHRLCSSIPNERRVH
YVQKGVGHYGVFNGSRFRSEIVPRICDFHASSAIDTPARAAE"
Ga0508132_00638_1306_2352,">Ga0508132_00638_1306_2352
MSLGPVKMAAVASALAAAGCTATTADSLPALKADTSRLTVSGLSSGGYMA
GQFQVAFSERVKGAGIVAAGPFGCAMSAGAKAIPVFPAALALNTAQAQNG
CMADYLSSLGVLDASRLLAQAKKLADAGSIDPLSNLKTSKIYLYSGANDR
TVALSVVKAARAFYLAAGVPEANIDFVSGGAGGHAFSTAGAGNACELSEP
PFVNNCNYDQAGAILRFLYGALEPKGAAEEADFALFDQRRYASSDATLAD
EGVVYVPPACRDGGCRVHVLFHGCKQTRALVGDAVTKKSGFADWAATNRL
IVLFPQVEASAANPNACWDWWGYTGLDFLTKNAPQMKAVAAMVEALGK"
Ga0508132_00875_7519_8055,">Ga0508132_00875_7519_8055
ATVSRDENIDPARIYMTGMSNGAAMTYRYACAGHVRLAAIGPVAGSFSAP
CGPVRFTPVMAIHGLDDHNIPFAGGHSVGKPASDVDWLGVERSLEPFRRA
GHCSAPRLTSQGVMTTATSACDGAGEVVLITVSGAGHQWPGSERPRAAWL
FGLDPVSDAFDATGRLWDFFRAHRAGND"
Ga0508132_03257_979_1824,">Ga0508132_03257_979_1824
LQQGRSHYLKLEWQGEARRILVHDPPGEVERELPLVLALHGTGGTGRLMA
AFSGLSRLADERGFRVAYPQALGEAGTEDPARGAAWNVGPGLGRPGHPDV
DDVAFLTAAVDLVGRRAPVDPRRVYVAGFSNGARMAYRLALAAPWVAAIA
AVAGAPVWGEAPARPVPTLIFHGTEDGHIPYGGGVGPRGRRVPALPALEG
AARWAALMGCSEGPFRESLEAHTLDLWTGGGLEVGFWTVQGMGHAWPGGR
RYAPDADLPVKDLSASHLIWAFFEAHPLEAP"
Ga0508132_08645_531_896,">Ga0508132_08645_531_896
AVSPRIARKPAVSIWHGTADETVSLSNGFALIEQWRDLYRLPKEAFVEKR
LKGRRTRIWPDKDGKPLVTFHAIDGMGHGTPVLSGEGGGYAVSAEPFMLE
AGFSSTLEIAKEWGLTRRWKR"
